{
  "hash": "14d76add",
  "configHash": "4b8a9c6a",
  "lockfileHash": "3057628a",
  "browserHash": "a0b66c5f",
  "optimized": {
    "@angular/cdk/bidi": {
      "src": "../../../../../../node_modules/@angular/cdk/fesm2022/bidi.mjs",
      "file": "@angular_cdk_bidi.js",
      "fileHash": "64eeb683",
      "needsInterop": false
    },
    "@angular/cdk/scrolling": {
      "src": "../../../../../../node_modules/@angular/cdk/fesm2022/scrolling.mjs",
      "file": "@angular_cdk_scrolling.js",
      "fileHash": "042a6fcd",
      "needsInterop": false
    },
    "@angular/cdk/text-field": {
      "src": "../../../../../../node_modules/@angular/cdk/fesm2022/text-field.mjs",
      "file": "@angular_cdk_text-field.js",
      "fileHash": "a591def9",
      "needsInterop": false
    },
    "@angular/common": {
      "src": "../../../../../../node_modules/@angular/common/fesm2022/common.mjs",
      "file": "@angular_common.js",
      "fileHash": "68373dbf",
      "needsInterop": false
    },
    "@angular/common/http": {
      "src": "../../../../../../node_modules/@angular/common/fesm2022/http.mjs",
      "file": "@angular_common_http.js",
      "fileHash": "bd264b4b",
      "needsInterop": false
    },
    "@angular/core": {
      "src": "../../../../../../node_modules/@angular/core/fesm2022/core.mjs",
      "file": "@angular_core.js",
      "fileHash": "dc1df0b2",
      "needsInterop": false
    },
    "@angular/forms": {
      "src": "../../../../../../node_modules/@angular/forms/fesm2022/forms.mjs",
      "file": "@angular_forms.js",
      "fileHash": "a3e1c98c",
      "needsInterop": false
    },
    "@angular/material/button": {
      "src": "../../../../../../node_modules/@angular/material/fesm2022/button.mjs",
      "file": "@angular_material_button.js",
      "fileHash": "070f921c",
      "needsInterop": false
    },
    "@angular/material/card": {
      "src": "../../../../../../node_modules/@angular/material/fesm2022/card.mjs",
      "file": "@angular_material_card.js",
      "fileHash": "88a82cd2",
      "needsInterop": false
    },
    "@angular/material/divider": {
      "src": "../../../../../../node_modules/@angular/material/fesm2022/divider.mjs",
      "file": "@angular_material_divider.js",
      "fileHash": "76e256b3",
      "needsInterop": false
    },
    "@angular/material/form-field": {
      "src": "../../../../../../node_modules/@angular/material/fesm2022/form-field.mjs",
      "file": "@angular_material_form-field.js",
      "fileHash": "ca5152b1",
      "needsInterop": false
    },
    "@angular/material/icon": {
      "src": "../../../../../../node_modules/@angular/material/fesm2022/icon.mjs",
      "file": "@angular_material_icon.js",
      "fileHash": "67b4420e",
      "needsInterop": false
    },
    "@angular/material/input": {
      "src": "../../../../../../node_modules/@angular/material/fesm2022/input.mjs",
      "file": "@angular_material_input.js",
      "fileHash": "a264bbe7",
      "needsInterop": false
    },
    "@angular/material/list": {
      "src": "../../../../../../node_modules/@angular/material/fesm2022/list.mjs",
      "file": "@angular_material_list.js",
      "fileHash": "880b80ec",
      "needsInterop": false
    },
    "@angular/material/paginator": {
      "src": "../../../../../../node_modules/@angular/material/fesm2022/paginator.mjs",
      "file": "@angular_material_paginator.js",
      "fileHash": "c37a9b98",
      "needsInterop": false
    },
    "@angular/material/sidenav": {
      "src": "../../../../../../node_modules/@angular/material/fesm2022/sidenav.mjs",
      "file": "@angular_material_sidenav.js",
      "fileHash": "ba38b096",
      "needsInterop": false
    },
    "@angular/material/snack-bar": {
      "src": "../../../../../../node_modules/@angular/material/fesm2022/snack-bar.mjs",
      "file": "@angular_material_snack-bar.js",
      "fileHash": "f026c101",
      "needsInterop": false
    },
    "@angular/material/sort": {
      "src": "../../../../../../node_modules/@angular/material/fesm2022/sort.mjs",
      "file": "@angular_material_sort.js",
      "fileHash": "1620301f",
      "needsInterop": false
    },
    "@angular/material/table": {
      "src": "../../../../../../node_modules/@angular/material/fesm2022/table.mjs",
      "file": "@angular_material_table.js",
      "fileHash": "d4cda602",
      "needsInterop": false
    },
    "@angular/material/toolbar": {
      "src": "../../../../../../node_modules/@angular/material/fesm2022/toolbar.mjs",
      "file": "@angular_material_toolbar.js",
      "fileHash": "db408879",
      "needsInterop": false
    },
    "@angular/platform-browser": {
      "src": "../../../../../../node_modules/@angular/platform-browser/fesm2022/platform-browser.mjs",
      "file": "@angular_platform-browser.js",
      "fileHash": "b1a66951",
      "needsInterop": false
    },
    "@angular/platform-server": {
      "src": "../../../../../../node_modules/@angular/platform-server/fesm2022/platform-server.mjs",
      "file": "@angular_platform-server.js",
      "fileHash": "6cd5a1c6",
      "needsInterop": false
    },
    "@angular/router": {
      "src": "../../../../../../node_modules/@angular/router/fesm2022/router.mjs",
      "file": "@angular_router.js",
      "fileHash": "9fd4f67f",
      "needsInterop": false
    },
    "@angular/ssr": {
      "src": "../../../../../../node_modules/@angular/ssr/fesm2022/ssr.mjs",
      "file": "@angular_ssr.js",
      "fileHash": "3c789835",
      "needsInterop": false
    },
    "@angular/ssr/node": {
      "src": "../../../../../../node_modules/@angular/ssr/fesm2022/node.mjs",
      "file": "@angular_ssr_node.js",
      "fileHash": "81efd78e",
      "needsInterop": false
    },
    "express": {
      "src": "../../../../../../node_modules/express/index.js",
      "file": "express.js",
      "fileHash": "a44c0bab",
      "needsInterop": true
    },
    "rxjs/operators": {
      "src": "../../../../../../node_modules/rxjs/dist/cjs/operators/index.js",
      "file": "rxjs_operators.js",
      "fileHash": "73c228ee",
      "needsInterop": true
    },
    "sweetalert2": {
      "src": "../../../../../../node_modules/sweetalert2/dist/sweetalert2.esm.all.js",
      "file": "sweetalert2.js",
      "fileHash": "0171f2fd",
      "needsInterop": false
    },
    "rxjs": {
      "src": "../../../../../../node_modules/rxjs/dist/cjs/index.js",
      "file": "rxjs.js",
      "fileHash": "97c3c427",
      "needsInterop": true
    },
    "@angular/material/select": {
      "src": "../../../../../../node_modules/@angular/material/fesm2022/select.mjs",
      "file": "@angular_material_select.js",
      "fileHash": "df008a97",
      "needsInterop": false
    }
  },
  "chunks": {
    "xhr2-TXIMV6CV": {
      "file": "xhr2-TXIMV6CV.js"
    },
    "chunk-LAKJUNRJ": {
      "file": "chunk-LAKJUNRJ.js"
    },
    "chunk-IYEIVF7N": {
      "file": "chunk-IYEIVF7N.js"
    },
    "chunk-T2QVJP3G": {
      "file": "chunk-T2QVJP3G.js"
    },
    "chunk-B3S5XVMW": {
      "file": "chunk-B3S5XVMW.js"
    },
    "chunk-G4B22C3O": {
      "file": "chunk-G4B22C3O.js"
    },
    "chunk-E724QCIO": {
      "file": "chunk-E724QCIO.js"
    },
    "chunk-IEKDUPL3": {
      "file": "chunk-IEKDUPL3.js"
    },
    "chunk-XKB7E2SZ": {
      "file": "chunk-XKB7E2SZ.js"
    },
    "chunk-FMMQXLDM": {
      "file": "chunk-FMMQXLDM.js"
    },
    "chunk-4GI6FHGK": {
      "file": "chunk-4GI6FHGK.js"
    },
    "chunk-J6FJL6VI": {
      "file": "chunk-J6FJL6VI.js"
    },
    "chunk-GEYH3K2K": {
      "file": "chunk-GEYH3K2K.js"
    },
    "chunk-FTZZESUS": {
      "file": "chunk-FTZZESUS.js"
    },
    "chunk-F52RIBXN": {
      "file": "chunk-F52RIBXN.js"
    },
    "chunk-AJM7B5QA": {
      "file": "chunk-AJM7B5QA.js"
    },
    "chunk-XRU7PTJ4": {
      "file": "chunk-XRU7PTJ4.js"
    },
    "chunk-SA4R2XYB": {
      "file": "chunk-SA4R2XYB.js"
    },
    "chunk-2FWDQSJI": {
      "file": "chunk-2FWDQSJI.js"
    },
    "chunk-MAM7FXVA": {
      "file": "chunk-MAM7FXVA.js"
    },
    "chunk-HYHMWXDX": {
      "file": "chunk-HYHMWXDX.js"
    },
    "chunk-527A2A4O": {
      "file": "chunk-527A2A4O.js"
    },
    "chunk-5N54J3HK": {
      "file": "chunk-5N54J3HK.js"
    },
    "chunk-Q35HUGTW": {
      "file": "chunk-Q35HUGTW.js"
    },
    "chunk-S744RVMO": {
      "file": "chunk-S744RVMO.js"
    },
    "chunk-MFLKSTMO": {
      "file": "chunk-MFLKSTMO.js"
    },
    "chunk-4A3CXPF2": {
      "file": "chunk-4A3CXPF2.js"
    },
    "chunk-2P75Y4GK": {
      "file": "chunk-2P75Y4GK.js"
    },
    "chunk-3BRDVZJE": {
      "file": "chunk-3BRDVZJE.js"
    },
    "chunk-EPVMHDTV": {
      "file": "chunk-EPVMHDTV.js"
    },
    "chunk-HJTKKQ3X": {
      "file": "chunk-HJTKKQ3X.js"
    },
    "chunk-U34XVKUL": {
      "file": "chunk-U34XVKUL.js"
    },
    "chunk-3DLGHKM2": {
      "file": "chunk-3DLGHKM2.js"
    },
    "chunk-NUVWF767": {
      "file": "chunk-NUVWF767.js"
    },
    "chunk-ZUJ64LXG": {
      "file": "chunk-ZUJ64LXG.js"
    },
    "chunk-XCIYP5SE": {
      "file": "chunk-XCIYP5SE.js"
    },
    "chunk-OYTRG5F6": {
      "file": "chunk-OYTRG5F6.js"
    },
    "chunk-YHCV7DAQ": {
      "file": "chunk-YHCV7DAQ.js"
    }
  }
}